[
{
    "model": "admin.logentry",
    "pk": 1,
    "fields": {
        "action_time": "2024-08-17T10:53:23.085Z",
        "user": 1,
        "content_type": 8,
        "object_id": "4",
        "object_repr": "librarian",
        "action_flag": 2,
        "change_message": "[{\"changed\": {\"fields\": [\"First name\", \"Last name\", \"Staff status\"]}}]"
    }
},
{
    "model": "admin.logentry",
    "pk": 2,
    "fields": {
        "action_time": "2024-08-17T10:59:22.837Z",
        "user": 1,
        "content_type": 9,
        "object_id": "1",
        "object_repr": "Title - Author",
        "action_flag": 3,
        "change_message": ""
    }
},
{
    "model": "admin.logentry",
    "pk": 3,
    "fields": {
        "action_time": "2024-08-17T10:59:22.841Z",
        "user": 1,
        "content_type": 9,
        "object_id": "2",
        "object_repr": "Title - Author",
        "action_flag": 3,
        "change_message": ""
    }
},
{
    "model": "admin.logentry",
    "pk": 4,
    "fields": {
        "action_time": "2024-08-17T10:59:22.844Z",
        "user": 1,
        "content_type": 9,
        "object_id": "3",
        "object_repr": "Title - Author",
        "action_flag": 3,
        "change_message": ""
    }
},
{
    "model": "admin.logentry",
    "pk": 5,
    "fields": {
        "action_time": "2024-08-17T10:59:22.847Z",
        "user": 1,
        "content_type": 9,
        "object_id": "4",
        "object_repr": "Title - Author",
        "action_flag": 3,
        "change_message": ""
    }
},
{
    "model": "admin.logentry",
    "pk": 6,
    "fields": {
        "action_time": "2024-08-17T10:59:22.850Z",
        "user": 1,
        "content_type": 9,
        "object_id": "5",
        "object_repr": "Title - Author",
        "action_flag": 3,
        "change_message": ""
    }
},
{
    "model": "admin.logentry",
    "pk": 7,
    "fields": {
        "action_time": "2024-08-17T10:59:22.853Z",
        "user": 1,
        "content_type": 9,
        "object_id": "6",
        "object_repr": "Title - Author",
        "action_flag": 3,
        "change_message": ""
    }
},
{
    "model": "admin.logentry",
    "pk": 8,
    "fields": {
        "action_time": "2024-08-17T10:59:22.857Z",
        "user": 1,
        "content_type": 9,
        "object_id": "7",
        "object_repr": "Title - Author",
        "action_flag": 3,
        "change_message": ""
    }
},
{
    "model": "admin.logentry",
    "pk": 9,
    "fields": {
        "action_time": "2024-08-17T10:59:22.860Z",
        "user": 1,
        "content_type": 9,
        "object_id": "8",
        "object_repr": "Title - Author",
        "action_flag": 3,
        "change_message": ""
    }
},
{
    "model": "admin.logentry",
    "pk": 10,
    "fields": {
        "action_time": "2024-08-17T10:59:22.863Z",
        "user": 1,
        "content_type": 9,
        "object_id": "9",
        "object_repr": "Title - Author",
        "action_flag": 3,
        "change_message": ""
    }
},
{
    "model": "admin.logentry",
    "pk": 11,
    "fields": {
        "action_time": "2024-08-17T10:59:22.867Z",
        "user": 1,
        "content_type": 9,
        "object_id": "10",
        "object_repr": "Title - Author",
        "action_flag": 3,
        "change_message": ""
    }
},
{
    "model": "admin.logentry",
    "pk": 12,
    "fields": {
        "action_time": "2024-08-17T10:59:22.871Z",
        "user": 1,
        "content_type": 9,
        "object_id": "11",
        "object_repr": "Title - Author",
        "action_flag": 3,
        "change_message": ""
    }
},
{
    "model": "admin.logentry",
    "pk": 13,
    "fields": {
        "action_time": "2024-08-17T10:59:22.875Z",
        "user": 1,
        "content_type": 9,
        "object_id": "12",
        "object_repr": "Title - Author",
        "action_flag": 3,
        "change_message": ""
    }
},
{
    "model": "admin.logentry",
    "pk": 14,
    "fields": {
        "action_time": "2024-08-17T10:59:22.879Z",
        "user": 1,
        "content_type": 9,
        "object_id": "13",
        "object_repr": "Title - Author",
        "action_flag": 3,
        "change_message": ""
    }
},
{
    "model": "admin.logentry",
    "pk": 15,
    "fields": {
        "action_time": "2024-08-17T10:59:22.883Z",
        "user": 1,
        "content_type": 9,
        "object_id": "14",
        "object_repr": "Title - Author",
        "action_flag": 3,
        "change_message": ""
    }
},
{
    "model": "admin.logentry",
    "pk": 16,
    "fields": {
        "action_time": "2024-08-17T10:59:22.885Z",
        "user": 1,
        "content_type": 9,
        "object_id": "15",
        "object_repr": "Title - Author",
        "action_flag": 3,
        "change_message": ""
    }
},
{
    "model": "admin.logentry",
    "pk": 17,
    "fields": {
        "action_time": "2024-08-17T10:59:22.889Z",
        "user": 1,
        "content_type": 9,
        "object_id": "16",
        "object_repr": "Title - Author",
        "action_flag": 3,
        "change_message": ""
    }
},
{
    "model": "admin.logentry",
    "pk": 18,
    "fields": {
        "action_time": "2024-08-17T10:59:22.893Z",
        "user": 1,
        "content_type": 9,
        "object_id": "17",
        "object_repr": "Title - Author",
        "action_flag": 3,
        "change_message": ""
    }
},
{
    "model": "admin.logentry",
    "pk": 19,
    "fields": {
        "action_time": "2024-08-17T10:59:22.899Z",
        "user": 1,
        "content_type": 9,
        "object_id": "18",
        "object_repr": "Title - Author",
        "action_flag": 3,
        "change_message": ""
    }
},
{
    "model": "admin.logentry",
    "pk": 20,
    "fields": {
        "action_time": "2024-08-17T10:59:22.899Z",
        "user": 1,
        "content_type": 9,
        "object_id": "19",
        "object_repr": "Title - Author",
        "action_flag": 3,
        "change_message": ""
    }
},
{
    "model": "admin.logentry",
    "pk": 21,
    "fields": {
        "action_time": "2024-08-17T10:59:22.899Z",
        "user": 1,
        "content_type": 9,
        "object_id": "20",
        "object_repr": "Title - Author",
        "action_flag": 3,
        "change_message": ""
    }
},
{
    "model": "admin.logentry",
    "pk": 22,
    "fields": {
        "action_time": "2024-08-17T10:59:22.909Z",
        "user": 1,
        "content_type": 9,
        "object_id": "21",
        "object_repr": "Title - Author",
        "action_flag": 3,
        "change_message": ""
    }
},
{
    "model": "admin.logentry",
    "pk": 23,
    "fields": {
        "action_time": "2024-08-17T10:59:22.913Z",
        "user": 1,
        "content_type": 9,
        "object_id": "22",
        "object_repr": "Title - Author",
        "action_flag": 3,
        "change_message": ""
    }
},
{
    "model": "auth.permission",
    "pk": 1,
    "fields": {
        "name": "Can add log entry",
        "content_type": 1,
        "codename": "add_logentry"
    }
},
{
    "model": "auth.permission",
    "pk": 2,
    "fields": {
        "name": "Can change log entry",
        "content_type": 1,
        "codename": "change_logentry"
    }
},
{
    "model": "auth.permission",
    "pk": 3,
    "fields": {
        "name": "Can delete log entry",
        "content_type": 1,
        "codename": "delete_logentry"
    }
},
{
    "model": "auth.permission",
    "pk": 4,
    "fields": {
        "name": "Can view log entry",
        "content_type": 1,
        "codename": "view_logentry"
    }
},
{
    "model": "auth.permission",
    "pk": 5,
    "fields": {
        "name": "Can add permission",
        "content_type": 2,
        "codename": "add_permission"
    }
},
{
    "model": "auth.permission",
    "pk": 6,
    "fields": {
        "name": "Can change permission",
        "content_type": 2,
        "codename": "change_permission"
    }
},
{
    "model": "auth.permission",
    "pk": 7,
    "fields": {
        "name": "Can delete permission",
        "content_type": 2,
        "codename": "delete_permission"
    }
},
{
    "model": "auth.permission",
    "pk": 8,
    "fields": {
        "name": "Can view permission",
        "content_type": 2,
        "codename": "view_permission"
    }
},
{
    "model": "auth.permission",
    "pk": 9,
    "fields": {
        "name": "Can add group",
        "content_type": 3,
        "codename": "add_group"
    }
},
{
    "model": "auth.permission",
    "pk": 10,
    "fields": {
        "name": "Can change group",
        "content_type": 3,
        "codename": "change_group"
    }
},
{
    "model": "auth.permission",
    "pk": 11,
    "fields": {
        "name": "Can delete group",
        "content_type": 3,
        "codename": "delete_group"
    }
},
{
    "model": "auth.permission",
    "pk": 12,
    "fields": {
        "name": "Can view group",
        "content_type": 3,
        "codename": "view_group"
    }
},
{
    "model": "auth.permission",
    "pk": 13,
    "fields": {
        "name": "Can add content type",
        "content_type": 4,
        "codename": "add_contenttype"
    }
},
{
    "model": "auth.permission",
    "pk": 14,
    "fields": {
        "name": "Can change content type",
        "content_type": 4,
        "codename": "change_contenttype"
    }
},
{
    "model": "auth.permission",
    "pk": 15,
    "fields": {
        "name": "Can delete content type",
        "content_type": 4,
        "codename": "delete_contenttype"
    }
},
{
    "model": "auth.permission",
    "pk": 16,
    "fields": {
        "name": "Can view content type",
        "content_type": 4,
        "codename": "view_contenttype"
    }
},
{
    "model": "auth.permission",
    "pk": 17,
    "fields": {
        "name": "Can add session",
        "content_type": 5,
        "codename": "add_session"
    }
},
{
    "model": "auth.permission",
    "pk": 18,
    "fields": {
        "name": "Can change session",
        "content_type": 5,
        "codename": "change_session"
    }
},
{
    "model": "auth.permission",
    "pk": 19,
    "fields": {
        "name": "Can delete session",
        "content_type": 5,
        "codename": "delete_session"
    }
},
{
    "model": "auth.permission",
    "pk": 20,
    "fields": {
        "name": "Can view session",
        "content_type": 5,
        "codename": "view_session"
    }
},
{
    "model": "auth.permission",
    "pk": 21,
    "fields": {
        "name": "Can add Token",
        "content_type": 6,
        "codename": "add_token"
    }
},
{
    "model": "auth.permission",
    "pk": 22,
    "fields": {
        "name": "Can change Token",
        "content_type": 6,
        "codename": "change_token"
    }
},
{
    "model": "auth.permission",
    "pk": 23,
    "fields": {
        "name": "Can delete Token",
        "content_type": 6,
        "codename": "delete_token"
    }
},
{
    "model": "auth.permission",
    "pk": 24,
    "fields": {
        "name": "Can view Token",
        "content_type": 6,
        "codename": "view_token"
    }
},
{
    "model": "auth.permission",
    "pk": 25,
    "fields": {
        "name": "Can add Token",
        "content_type": 7,
        "codename": "add_tokenproxy"
    }
},
{
    "model": "auth.permission",
    "pk": 26,
    "fields": {
        "name": "Can change Token",
        "content_type": 7,
        "codename": "change_tokenproxy"
    }
},
{
    "model": "auth.permission",
    "pk": 27,
    "fields": {
        "name": "Can delete Token",
        "content_type": 7,
        "codename": "delete_tokenproxy"
    }
},
{
    "model": "auth.permission",
    "pk": 28,
    "fields": {
        "name": "Can view Token",
        "content_type": 7,
        "codename": "view_tokenproxy"
    }
},
{
    "model": "auth.permission",
    "pk": 29,
    "fields": {
        "name": "Can add user",
        "content_type": 8,
        "codename": "add_user"
    }
},
{
    "model": "auth.permission",
    "pk": 30,
    "fields": {
        "name": "Can change user",
        "content_type": 8,
        "codename": "change_user"
    }
},
{
    "model": "auth.permission",
    "pk": 31,
    "fields": {
        "name": "Can delete user",
        "content_type": 8,
        "codename": "delete_user"
    }
},
{
    "model": "auth.permission",
    "pk": 32,
    "fields": {
        "name": "Can view user",
        "content_type": 8,
        "codename": "view_user"
    }
},
{
    "model": "auth.permission",
    "pk": 33,
    "fields": {
        "name": "Can add book",
        "content_type": 9,
        "codename": "add_book"
    }
},
{
    "model": "auth.permission",
    "pk": 34,
    "fields": {
        "name": "Can change book",
        "content_type": 9,
        "codename": "change_book"
    }
},
{
    "model": "auth.permission",
    "pk": 35,
    "fields": {
        "name": "Can delete book",
        "content_type": 9,
        "codename": "delete_book"
    }
},
{
    "model": "auth.permission",
    "pk": 36,
    "fields": {
        "name": "Can view book",
        "content_type": 9,
        "codename": "view_book"
    }
},
{
    "model": "auth.permission",
    "pk": 37,
    "fields": {
        "name": "Can add historical book",
        "content_type": 10,
        "codename": "add_historicalbook"
    }
},
{
    "model": "auth.permission",
    "pk": 38,
    "fields": {
        "name": "Can change historical book",
        "content_type": 10,
        "codename": "change_historicalbook"
    }
},
{
    "model": "auth.permission",
    "pk": 39,
    "fields": {
        "name": "Can delete historical book",
        "content_type": 10,
        "codename": "delete_historicalbook"
    }
},
{
    "model": "auth.permission",
    "pk": 40,
    "fields": {
        "name": "Can view historical book",
        "content_type": 10,
        "codename": "view_historicalbook"
    }
},
{
    "model": "contenttypes.contenttype",
    "pk": 1,
    "fields": {
        "app_label": "admin",
        "model": "logentry"
    }
},
{
    "model": "contenttypes.contenttype",
    "pk": 2,
    "fields": {
        "app_label": "auth",
        "model": "permission"
    }
},
{
    "model": "contenttypes.contenttype",
    "pk": 3,
    "fields": {
        "app_label": "auth",
        "model": "group"
    }
},
{
    "model": "contenttypes.contenttype",
    "pk": 4,
    "fields": {
        "app_label": "contenttypes",
        "model": "contenttype"
    }
},
{
    "model": "contenttypes.contenttype",
    "pk": 5,
    "fields": {
        "app_label": "sessions",
        "model": "session"
    }
},
{
    "model": "contenttypes.contenttype",
    "pk": 6,
    "fields": {
        "app_label": "authtoken",
        "model": "token"
    }
},
{
    "model": "contenttypes.contenttype",
    "pk": 7,
    "fields": {
        "app_label": "authtoken",
        "model": "tokenproxy"
    }
},
{
    "model": "contenttypes.contenttype",
    "pk": 8,
    "fields": {
        "app_label": "user",
        "model": "user"
    }
},
{
    "model": "contenttypes.contenttype",
    "pk": 9,
    "fields": {
        "app_label": "books",
        "model": "book"
    }
},
{
    "model": "contenttypes.contenttype",
    "pk": 10,
    "fields": {
        "app_label": "books",
        "model": "historicalbook"
    }
},
{
    "model": "sessions.session",
    "pk": "pgqsrrjeued2le37zcjkbn5pdfek1tkj",
    "fields": {
        "session_data": ".eJxVjDsOwjAQBe_iGln-fyjpOYO1613hAHKkOKkQd4dIKaB9M_NeosC2trINXspE4iyMOP1uCPXBfQd0h36bZZ37ukwod0UedMjrTPy8HO7fQYPRvnXIIVSvEiRnK2o2lp2ynmOs5I1Dn5kwJx2BVUoQM2VIGi0643NVUbw_zV43Vg:1sfHEm:FmHjmSoUtZbcqH4XWlJ-eF7ZpzTW9M-usMR0OvTv4MQ",
        "expire_date": "2024-08-31T11:04:48.472Z"
    }
},
{
    "model": "user.user",
    "pk": 1,
    "fields": {
        "password": "pbkdf2_sha256$720000$S1Zxp3j3m62oESNlxMJcVM$b4WfzWSXkAyWFR3bhFiIeWmc5JvKWn6x+hBshIgfogA=",
        "last_login": "2024-08-17T10:59:13.475Z",
        "is_superuser": true,
        "username": "root",
        "first_name": "",
        "last_name": "",
        "email": "root@mail.ru",
        "is_staff": true,
        "is_active": true,
        "date_joined": "2024-08-17T10:48:18.879Z",
        "address": "",
        "personnel_number": null,
        "groups": [],
        "user_permissions": []
    }
},
{
    "model": "user.user",
    "pk": 2,
    "fields": {
        "password": "pbkdf2_sha256$720000$QL7KoBaNNlWLVNx5YQaqod$/iJLnHddfssORELsj3wTTM9JM5t4hMtlSEPkbcS61N4=",
        "last_login": "2024-08-17T11:04:48.467Z",
        "is_superuser": false,
        "username": "reader1",
        "first_name": "Иван",
        "last_name": "Иванов",
        "email": "reader1@mail.ru",
        "is_staff": false,
        "is_active": true,
        "date_joined": "2024-08-17T10:49:00.364Z",
        "address": "Москва",
        "personnel_number": null,
        "groups": [],
        "user_permissions": []
    }
},
{
    "model": "user.user",
    "pk": 3,
    "fields": {
        "password": "pbkdf2_sha256$720000$wosEJA6Uow7NhyoecWem8J$CRLGjrJQmFXAjDsb+QOqFKoDVdnB9dWFxd6bSzWzkY0=",
        "last_login": "2024-08-17T10:49:40.563Z",
        "is_superuser": false,
        "username": "reader2",
        "first_name": "Петр",
        "last_name": "Петрович",
        "email": "reader2@mail.ru",
        "is_staff": false,
        "is_active": true,
        "date_joined": "2024-08-17T10:49:31.667Z",
        "address": "Казань",
        "personnel_number": null,
        "groups": [],
        "user_permissions": []
    }
},
{
    "model": "user.user",
    "pk": 4,
    "fields": {
        "password": "pbkdf2_sha256$720000$8a7CNFOqJgMfYboB10GVrV$3Yk1SDwTXyhQLMV9bwOD1dRbl8LwHmhCj8/0DUnI9Ds=",
        "last_login": "2024-08-17T10:51:02Z",
        "is_superuser": false,
        "username": "librarian",
        "first_name": "Марь",
        "last_name": "Ивановна",
        "email": "librarian@mail.ru",
        "is_staff": true,
        "is_active": true,
        "date_joined": "2024-08-17T10:50:48Z",
        "address": "",
        "personnel_number": null,
        "groups": [],
        "user_permissions": []
    }
},
{
    "model": "books.historicalbook",
    "pk": 1,
    "fields": {
        "id": 1,
        "title": "Title",
        "author": "Author",
        "genre": "Genre",
        "reader": null,
        "history_date": "2024-08-17T10:58:15.746Z",
        "history_change_reason": null,
        "history_type": "+",
        "history_user": null
    }
},
{
    "model": "books.historicalbook",
    "pk": 2,
    "fields": {
        "id": 2,
        "title": "Title",
        "author": "Author",
        "genre": "Genre",
        "reader": null,
        "history_date": "2024-08-17T10:58:15.749Z",
        "history_change_reason": null,
        "history_type": "+",
        "history_user": null
    }
},
{
    "model": "books.historicalbook",
    "pk": 3,
    "fields": {
        "id": 3,
        "title": "Title",
        "author": "Author",
        "genre": "Genre",
        "reader": null,
        "history_date": "2024-08-17T10:58:15.759Z",
        "history_change_reason": null,
        "history_type": "+",
        "history_user": null
    }
},
{
    "model": "books.historicalbook",
    "pk": 4,
    "fields": {
        "id": 4,
        "title": "Title",
        "author": "Author",
        "genre": "Genre",
        "reader": null,
        "history_date": "2024-08-17T10:58:15.762Z",
        "history_change_reason": null,
        "history_type": "+",
        "history_user": null
    }
},
{
    "model": "books.historicalbook",
    "pk": 5,
    "fields": {
        "id": 5,
        "title": "Title",
        "author": "Author",
        "genre": "Genre",
        "reader": null,
        "history_date": "2024-08-17T10:58:15.774Z",
        "history_change_reason": null,
        "history_type": "+",
        "history_user": null
    }
},
{
    "model": "books.historicalbook",
    "pk": 6,
    "fields": {
        "id": 6,
        "title": "Title",
        "author": "Author",
        "genre": "Genre",
        "reader": null,
        "history_date": "2024-08-17T10:58:15.779Z",
        "history_change_reason": null,
        "history_type": "+",
        "history_user": null
    }
},
{
    "model": "books.historicalbook",
    "pk": 7,
    "fields": {
        "id": 7,
        "title": "Title",
        "author": "Author",
        "genre": "Genre",
        "reader": null,
        "history_date": "2024-08-17T10:58:15.789Z",
        "history_change_reason": null,
        "history_type": "+",
        "history_user": null
    }
},
{
    "model": "books.historicalbook",
    "pk": 8,
    "fields": {
        "id": 8,
        "title": "Title",
        "author": "Author",
        "genre": "Genre",
        "reader": null,
        "history_date": "2024-08-17T10:58:15.791Z",
        "history_change_reason": null,
        "history_type": "+",
        "history_user": null
    }
},
{
    "model": "books.historicalbook",
    "pk": 9,
    "fields": {
        "id": 9,
        "title": "Title",
        "author": "Author",
        "genre": "Genre",
        "reader": null,
        "history_date": "2024-08-17T10:58:15.799Z",
        "history_change_reason": null,
        "history_type": "+",
        "history_user": null
    }
},
{
    "model": "books.historicalbook",
    "pk": 10,
    "fields": {
        "id": 10,
        "title": "Title",
        "author": "Author",
        "genre": "Genre",
        "reader": null,
        "history_date": "2024-08-17T10:58:15.809Z",
        "history_change_reason": null,
        "history_type": "+",
        "history_user": null
    }
},
{
    "model": "books.historicalbook",
    "pk": 11,
    "fields": {
        "id": 11,
        "title": "Title",
        "author": "Author",
        "genre": "Genre",
        "reader": null,
        "history_date": "2024-08-17T10:58:15.819Z",
        "history_change_reason": null,
        "history_type": "+",
        "history_user": null
    }
},
{
    "model": "books.historicalbook",
    "pk": 12,
    "fields": {
        "id": 12,
        "title": "Title",
        "author": "Author",
        "genre": "Genre",
        "reader": null,
        "history_date": "2024-08-17T10:58:15.829Z",
        "history_change_reason": null,
        "history_type": "+",
        "history_user": null
    }
},
{
    "model": "books.historicalbook",
    "pk": 13,
    "fields": {
        "id": 13,
        "title": "Title",
        "author": "Author",
        "genre": "Genre",
        "reader": null,
        "history_date": "2024-08-17T10:58:15.829Z",
        "history_change_reason": null,
        "history_type": "+",
        "history_user": null
    }
},
{
    "model": "books.historicalbook",
    "pk": 14,
    "fields": {
        "id": 14,
        "title": "Title",
        "author": "Author",
        "genre": "Genre",
        "reader": null,
        "history_date": "2024-08-17T10:58:15.840Z",
        "history_change_reason": null,
        "history_type": "+",
        "history_user": null
    }
},
{
    "model": "books.historicalbook",
    "pk": 15,
    "fields": {
        "id": 15,
        "title": "Title",
        "author": "Author",
        "genre": "Genre",
        "reader": null,
        "history_date": "2024-08-17T10:58:15.857Z",
        "history_change_reason": null,
        "history_type": "+",
        "history_user": null
    }
},
{
    "model": "books.historicalbook",
    "pk": 16,
    "fields": {
        "id": 16,
        "title": "Title",
        "author": "Author",
        "genre": "Genre",
        "reader": null,
        "history_date": "2024-08-17T10:58:15.862Z",
        "history_change_reason": null,
        "history_type": "+",
        "history_user": null
    }
},
{
    "model": "books.historicalbook",
    "pk": 17,
    "fields": {
        "id": 17,
        "title": "Title",
        "author": "Author",
        "genre": "Genre",
        "reader": null,
        "history_date": "2024-08-17T10:58:15.873Z",
        "history_change_reason": null,
        "history_type": "+",
        "history_user": null
    }
},
{
    "model": "books.historicalbook",
    "pk": 18,
    "fields": {
        "id": 18,
        "title": "Title",
        "author": "Author",
        "genre": "Genre",
        "reader": null,
        "history_date": "2024-08-17T10:58:15.879Z",
        "history_change_reason": null,
        "history_type": "+",
        "history_user": null
    }
},
{
    "model": "books.historicalbook",
    "pk": 19,
    "fields": {
        "id": 19,
        "title": "Title",
        "author": "Author",
        "genre": "Genre",
        "reader": null,
        "history_date": "2024-08-17T10:58:15.879Z",
        "history_change_reason": null,
        "history_type": "+",
        "history_user": null
    }
},
{
    "model": "books.historicalbook",
    "pk": 20,
    "fields": {
        "id": 20,
        "title": "Title",
        "author": "Author",
        "genre": "Genre",
        "reader": null,
        "history_date": "2024-08-17T10:58:15.893Z",
        "history_change_reason": null,
        "history_type": "+",
        "history_user": null
    }
},
{
    "model": "books.historicalbook",
    "pk": 21,
    "fields": {
        "id": 21,
        "title": "Title",
        "author": "Author",
        "genre": "Genre",
        "reader": null,
        "history_date": "2024-08-17T10:58:15.899Z",
        "history_change_reason": null,
        "history_type": "+",
        "history_user": null
    }
},
{
    "model": "books.historicalbook",
    "pk": 22,
    "fields": {
        "id": 22,
        "title": "Title",
        "author": "Author",
        "genre": "Genre",
        "reader": null,
        "history_date": "2024-08-17T10:58:15.909Z",
        "history_change_reason": null,
        "history_type": "+",
        "history_user": null
    }
},
{
    "model": "books.historicalbook",
    "pk": 23,
    "fields": {
        "id": 22,
        "title": "Title",
        "author": "Author",
        "genre": "Genre",
        "reader": null,
        "history_date": "2024-08-17T10:59:22.934Z",
        "history_change_reason": null,
        "history_type": "-",
        "history_user": 1
    }
},
{
    "model": "books.historicalbook",
    "pk": 24,
    "fields": {
        "id": 21,
        "title": "Title",
        "author": "Author",
        "genre": "Genre",
        "reader": null,
        "history_date": "2024-08-17T10:59:22.935Z",
        "history_change_reason": null,
        "history_type": "-",
        "history_user": 1
    }
},
{
    "model": "books.historicalbook",
    "pk": 25,
    "fields": {
        "id": 20,
        "title": "Title",
        "author": "Author",
        "genre": "Genre",
        "reader": null,
        "history_date": "2024-08-17T10:59:22.936Z",
        "history_change_reason": null,
        "history_type": "-",
        "history_user": 1
    }
},
{
    "model": "books.historicalbook",
    "pk": 26,
    "fields": {
        "id": 19,
        "title": "Title",
        "author": "Author",
        "genre": "Genre",
        "reader": null,
        "history_date": "2024-08-17T10:59:22.937Z",
        "history_change_reason": null,
        "history_type": "-",
        "history_user": 1
    }
},
{
    "model": "books.historicalbook",
    "pk": 27,
    "fields": {
        "id": 18,
        "title": "Title",
        "author": "Author",
        "genre": "Genre",
        "reader": null,
        "history_date": "2024-08-17T10:59:22.937Z",
        "history_change_reason": null,
        "history_type": "-",
        "history_user": 1
    }
},
{
    "model": "books.historicalbook",
    "pk": 28,
    "fields": {
        "id": 17,
        "title": "Title",
        "author": "Author",
        "genre": "Genre",
        "reader": null,
        "history_date": "2024-08-17T10:59:22.938Z",
        "history_change_reason": null,
        "history_type": "-",
        "history_user": 1
    }
},
{
    "model": "books.historicalbook",
    "pk": 29,
    "fields": {
        "id": 16,
        "title": "Title",
        "author": "Author",
        "genre": "Genre",
        "reader": null,
        "history_date": "2024-08-17T10:59:22.939Z",
        "history_change_reason": null,
        "history_type": "-",
        "history_user": 1
    }
},
{
    "model": "books.historicalbook",
    "pk": 30,
    "fields": {
        "id": 15,
        "title": "Title",
        "author": "Author",
        "genre": "Genre",
        "reader": null,
        "history_date": "2024-08-17T10:59:22.939Z",
        "history_change_reason": null,
        "history_type": "-",
        "history_user": 1
    }
},
{
    "model": "books.historicalbook",
    "pk": 31,
    "fields": {
        "id": 14,
        "title": "Title",
        "author": "Author",
        "genre": "Genre",
        "reader": null,
        "history_date": "2024-08-17T10:59:22.940Z",
        "history_change_reason": null,
        "history_type": "-",
        "history_user": 1
    }
},
{
    "model": "books.historicalbook",
    "pk": 32,
    "fields": {
        "id": 13,
        "title": "Title",
        "author": "Author",
        "genre": "Genre",
        "reader": null,
        "history_date": "2024-08-17T10:59:22.941Z",
        "history_change_reason": null,
        "history_type": "-",
        "history_user": 1
    }
},
{
    "model": "books.historicalbook",
    "pk": 33,
    "fields": {
        "id": 12,
        "title": "Title",
        "author": "Author",
        "genre": "Genre",
        "reader": null,
        "history_date": "2024-08-17T10:59:22.942Z",
        "history_change_reason": null,
        "history_type": "-",
        "history_user": 1
    }
},
{
    "model": "books.historicalbook",
    "pk": 34,
    "fields": {
        "id": 11,
        "title": "Title",
        "author": "Author",
        "genre": "Genre",
        "reader": null,
        "history_date": "2024-08-17T10:59:22.943Z",
        "history_change_reason": null,
        "history_type": "-",
        "history_user": 1
    }
},
{
    "model": "books.historicalbook",
    "pk": 35,
    "fields": {
        "id": 10,
        "title": "Title",
        "author": "Author",
        "genre": "Genre",
        "reader": null,
        "history_date": "2024-08-17T10:59:22.943Z",
        "history_change_reason": null,
        "history_type": "-",
        "history_user": 1
    }
},
{
    "model": "books.historicalbook",
    "pk": 36,
    "fields": {
        "id": 9,
        "title": "Title",
        "author": "Author",
        "genre": "Genre",
        "reader": null,
        "history_date": "2024-08-17T10:59:22.944Z",
        "history_change_reason": null,
        "history_type": "-",
        "history_user": 1
    }
},
{
    "model": "books.historicalbook",
    "pk": 37,
    "fields": {
        "id": 8,
        "title": "Title",
        "author": "Author",
        "genre": "Genre",
        "reader": null,
        "history_date": "2024-08-17T10:59:22.945Z",
        "history_change_reason": null,
        "history_type": "-",
        "history_user": 1
    }
},
{
    "model": "books.historicalbook",
    "pk": 38,
    "fields": {
        "id": 7,
        "title": "Title",
        "author": "Author",
        "genre": "Genre",
        "reader": null,
        "history_date": "2024-08-17T10:59:22.946Z",
        "history_change_reason": null,
        "history_type": "-",
        "history_user": 1
    }
},
{
    "model": "books.historicalbook",
    "pk": 39,
    "fields": {
        "id": 6,
        "title": "Title",
        "author": "Author",
        "genre": "Genre",
        "reader": null,
        "history_date": "2024-08-17T10:59:22.946Z",
        "history_change_reason": null,
        "history_type": "-",
        "history_user": 1
    }
},
{
    "model": "books.historicalbook",
    "pk": 40,
    "fields": {
        "id": 5,
        "title": "Title",
        "author": "Author",
        "genre": "Genre",
        "reader": null,
        "history_date": "2024-08-17T10:59:22.947Z",
        "history_change_reason": null,
        "history_type": "-",
        "history_user": 1
    }
},
{
    "model": "books.historicalbook",
    "pk": 41,
    "fields": {
        "id": 4,
        "title": "Title",
        "author": "Author",
        "genre": "Genre",
        "reader": null,
        "history_date": "2024-08-17T10:59:22.948Z",
        "history_change_reason": null,
        "history_type": "-",
        "history_user": 1
    }
},
{
    "model": "books.historicalbook",
    "pk": 42,
    "fields": {
        "id": 3,
        "title": "Title",
        "author": "Author",
        "genre": "Genre",
        "reader": null,
        "history_date": "2024-08-17T10:59:22.949Z",
        "history_change_reason": null,
        "history_type": "-",
        "history_user": 1
    }
},
{
    "model": "books.historicalbook",
    "pk": 43,
    "fields": {
        "id": 2,
        "title": "Title",
        "author": "Author",
        "genre": "Genre",
        "reader": null,
        "history_date": "2024-08-17T10:59:22.949Z",
        "history_change_reason": null,
        "history_type": "-",
        "history_user": 1
    }
},
{
    "model": "books.historicalbook",
    "pk": 44,
    "fields": {
        "id": 1,
        "title": "Title",
        "author": "Author",
        "genre": "Genre",
        "reader": null,
        "history_date": "2024-08-17T10:59:22.950Z",
        "history_change_reason": null,
        "history_type": "-",
        "history_user": 1
    }
},
{
    "model": "books.historicalbook",
    "pk": 45,
    "fields": {
        "id": 23,
        "title": "Мастер и Маргарита",
        "author": "Михаил Булгаков",
        "genre": "Фантастика",
        "reader": null,
        "history_date": "2024-08-17T11:04:07.929Z",
        "history_change_reason": null,
        "history_type": "+",
        "history_user": null
    }
},
{
    "model": "books.historicalbook",
    "pk": 46,
    "fields": {
        "id": 24,
        "title": "Девять дней до хрена",
        "author": "Виктор Пелевин",
        "genre": "Сатира",
        "reader": null,
        "history_date": "2024-08-17T11:04:07.937Z",
        "history_change_reason": null,
        "history_type": "+",
        "history_user": null
    }
},
{
    "model": "books.historicalbook",
    "pk": 47,
    "fields": {
        "id": 25,
        "title": "Идиот",
        "author": "Федор Достоевский",
        "genre": "Роман",
        "reader": null,
        "history_date": "2024-08-17T11:04:07.943Z",
        "history_change_reason": null,
        "history_type": "+",
        "history_user": null
    }
},
{
    "model": "books.historicalbook",
    "pk": 48,
    "fields": {
        "id": 26,
        "title": "Преступление и наказание",
        "author": "Федор Достоевский",
        "genre": "Детектив",
        "reader": null,
        "history_date": "2024-08-17T11:04:07.951Z",
        "history_change_reason": null,
        "history_type": "+",
        "history_user": null
    }
},
{
    "model": "books.historicalbook",
    "pk": 49,
    "fields": {
        "id": 27,
        "title": "Война и мир",
        "author": "Лев Толстой",
        "genre": "Исторический роман",
        "reader": null,
        "history_date": "2024-08-17T11:04:07.958Z",
        "history_change_reason": null,
        "history_type": "+",
        "history_user": null
    }
},
{
    "model": "books.historicalbook",
    "pk": 50,
    "fields": {
        "id": 28,
        "title": "Анна Каренина",
        "author": "Лев Толстой",
        "genre": "Романтический роман",
        "reader": null,
        "history_date": "2024-08-17T11:04:07.965Z",
        "history_change_reason": null,
        "history_type": "+",
        "history_user": null
    }
},
{
    "model": "books.historicalbook",
    "pk": 51,
    "fields": {
        "id": 29,
        "title": "Доктор Живаго",
        "author": "Борис Пастернак",
        "genre": "Исторический роман",
        "reader": null,
        "history_date": "2024-08-17T11:04:08.085Z",
        "history_change_reason": null,
        "history_type": "+",
        "history_user": null
    }
},
{
    "model": "books.historicalbook",
    "pk": 52,
    "fields": {
        "id": 30,
        "title": "Оно",
        "author": "Стивен Кинг (перевод на русский)",
        "genre": "Ужасы",
        "reader": null,
        "history_date": "2024-08-17T11:04:08.097Z",
        "history_change_reason": null,
        "history_type": "+",
        "history_user": null
    }
},
{
    "model": "books.historicalbook",
    "pk": 53,
    "fields": {
        "id": 31,
        "title": "Метафизические басни",
        "author": "Даниил Хармс",
        "genre": "Повесть",
        "reader": null,
        "history_date": "2024-08-17T11:04:08.111Z",
        "history_change_reason": null,
        "history_type": "+",
        "history_user": null
    }
},
{
    "model": "books.historicalbook",
    "pk": 54,
    "fields": {
        "id": 32,
        "title": "Собачье сердце",
        "author": "Михаил Булгаков",
        "genre": "Роман",
        "reader": null,
        "history_date": "2024-08-17T11:04:08.119Z",
        "history_change_reason": null,
        "history_type": "+",
        "history_user": null
    }
},
{
    "model": "books.historicalbook",
    "pk": 55,
    "fields": {
        "id": 33,
        "title": "Бег",
        "author": "Алексей Солженицын",
        "genre": "Исторический роман",
        "reader": null,
        "history_date": "2024-08-17T11:04:08.227Z",
        "history_change_reason": null,
        "history_type": "+",
        "history_user": null
    }
},
{
    "model": "books.historicalbook",
    "pk": 56,
    "fields": {
        "id": 34,
        "title": "Красное колесо",
        "author": "Валентин Катаев",
        "genre": "Романтический роман",
        "reader": null,
        "history_date": "2024-08-17T11:04:08.239Z",
        "history_change_reason": null,
        "history_type": "+",
        "history_user": null
    }
},
{
    "model": "books.historicalbook",
    "pk": 57,
    "fields": {
        "id": 35,
        "title": "Золотой теленок",
        "author": "Илья Илф и Евгений Петров",
        "genre": "Сатира",
        "reader": null,
        "history_date": "2024-08-17T11:04:08.251Z",
        "history_change_reason": null,
        "history_type": "+",
        "history_user": null
    }
},
{
    "model": "books.historicalbook",
    "pk": 58,
    "fields": {
        "id": 36,
        "title": "Двенадцать стульев",
        "author": "Илья Илф и Евгений Петров",
        "genre": "Сатира",
        "reader": null,
        "history_date": "2024-08-17T11:04:08.263Z",
        "history_change_reason": null,
        "history_type": "+",
        "history_user": null
    }
},
{
    "model": "books.historicalbook",
    "pk": 59,
    "fields": {
        "id": 37,
        "title": "Повесть о неизвестном актере",
        "author": "Виктор Пелевин",
        "genre": "Фантастика",
        "reader": null,
        "history_date": "2024-08-17T11:04:08.273Z",
        "history_change_reason": null,
        "history_type": "+",
        "history_user": null
    }
},
{
    "model": "books.historicalbook",
    "pk": 60,
    "fields": {
        "id": 38,
        "title": "Чапаев и его комиссар",
        "author": "Давид Бурлюк",
        "genre": "Исторический роман",
        "reader": null,
        "history_date": "2024-08-17T11:04:08.302Z",
        "history_change_reason": null,
        "history_type": "+",
        "history_user": null
    }
},
{
    "model": "books.historicalbook",
    "pk": 61,
    "fields": {
        "id": 39,
        "title": "Путешествие в Аргентину",
        "author": "Валентин Катаев",
        "genre": "Романтический роман",
        "reader": null,
        "history_date": "2024-08-17T11:04:08.312Z",
        "history_change_reason": null,
        "history_type": "+",
        "history_user": null
    }
},
{
    "model": "books.historicalbook",
    "pk": 62,
    "fields": {
        "id": 40,
        "title": "Семья Чижиковых",
        "author": "Михаил Салтыков-Щедрин",
        "genre": "Сатира",
        "reader": null,
        "history_date": "2024-08-17T11:04:08.321Z",
        "history_change_reason": null,
        "history_type": "+",
        "history_user": null
    }
},
{
    "model": "books.historicalbook",
    "pk": 63,
    "fields": {
        "id": 41,
        "title": "Повесть о неизвестном городе",
        "author": "Виктор Пелевин",
        "genre": "Фантастика",
        "reader": null,
        "history_date": "2024-08-17T11:04:08.330Z",
        "history_change_reason": null,
        "history_type": "+",
        "history_user": null
    }
},
{
    "model": "books.historicalbook",
    "pk": 64,
    "fields": {
        "id": 42,
        "title": "Москва-Цитадель",
        "author": "Алексей Толстой",
        "genre": "Исторический роман",
        "reader": null,
        "history_date": "2024-08-17T11:04:08.337Z",
        "history_change_reason": null,
        "history_type": "+",
        "history_user": null
    }
},
{
    "model": "books.historicalbook",
    "pk": 65,
    "fields": {
        "id": 43,
        "title": "Повесть о неизвестном писателе",
        "author": "Виктор Пелевин",
        "genre": "Фантастика",
        "reader": null,
        "history_date": "2024-08-17T11:04:08.346Z",
        "history_change_reason": null,
        "history_type": "+",
        "history_user": null
    }
},
{
    "model": "books.historicalbook",
    "pk": 66,
    "fields": {
        "id": 44,
        "title": "Семья Тихоновых",
        "author": "Михаил Салтыков-Щедрин",
        "genre": "Сатира",
        "reader": null,
        "history_date": "2024-08-17T11:04:08.353Z",
        "history_change_reason": null,
        "history_type": "+",
        "history_user": null
    }
},
{
    "model": "books.historicalbook",
    "pk": 67,
    "fields": {
        "id": 28,
        "title": "Анна Каренина",
        "author": "Лев Толстой",
        "genre": "Романтический роман",
        "reader": 2,
        "history_date": "2024-08-17T11:05:03.832Z",
        "history_change_reason": null,
        "history_type": "~",
        "history_user": 2
    }
},
{
    "model": "books.historicalbook",
    "pk": 68,
    "fields": {
        "id": 27,
        "title": "Война и мир",
        "author": "Лев Толстой",
        "genre": "Исторический роман",
        "reader": 2,
        "history_date": "2024-08-17T11:05:04.777Z",
        "history_change_reason": null,
        "history_type": "~",
        "history_user": 2
    }
},
{
    "model": "books.book",
    "pk": 23,
    "fields": {
        "title": "Мастер и Маргарита",
        "author": "Михаил Булгаков",
        "genre": "Фантастика",
        "reader": null
    }
},
{
    "model": "books.book",
    "pk": 24,
    "fields": {
        "title": "Девять дней до хрена",
        "author": "Виктор Пелевин",
        "genre": "Сатира",
        "reader": null
    }
},
{
    "model": "books.book",
    "pk": 25,
    "fields": {
        "title": "Идиот",
        "author": "Федор Достоевский",
        "genre": "Роман",
        "reader": null
    }
},
{
    "model": "books.book",
    "pk": 26,
    "fields": {
        "title": "Преступление и наказание",
        "author": "Федор Достоевский",
        "genre": "Детектив",
        "reader": null
    }
},
{
    "model": "books.book",
    "pk": 27,
    "fields": {
        "title": "Война и мир",
        "author": "Лев Толстой",
        "genre": "Исторический роман",
        "reader": 2
    }
},
{
    "model": "books.book",
    "pk": 28,
    "fields": {
        "title": "Анна Каренина",
        "author": "Лев Толстой",
        "genre": "Романтический роман",
        "reader": 2
    }
},
{
    "model": "books.book",
    "pk": 29,
    "fields": {
        "title": "Доктор Живаго",
        "author": "Борис Пастернак",
        "genre": "Исторический роман",
        "reader": null
    }
},
{
    "model": "books.book",
    "pk": 30,
    "fields": {
        "title": "Оно",
        "author": "Стивен Кинг (перевод на русский)",
        "genre": "Ужасы",
        "reader": null
    }
},
{
    "model": "books.book",
    "pk": 31,
    "fields": {
        "title": "Метафизические басни",
        "author": "Даниил Хармс",
        "genre": "Повесть",
        "reader": null
    }
},
{
    "model": "books.book",
    "pk": 32,
    "fields": {
        "title": "Собачье сердце",
        "author": "Михаил Булгаков",
        "genre": "Роман",
        "reader": null
    }
},
{
    "model": "books.book",
    "pk": 33,
    "fields": {
        "title": "Бег",
        "author": "Алексей Солженицын",
        "genre": "Исторический роман",
        "reader": null
    }
},
{
    "model": "books.book",
    "pk": 34,
    "fields": {
        "title": "Красное колесо",
        "author": "Валентин Катаев",
        "genre": "Романтический роман",
        "reader": null
    }
},
{
    "model": "books.book",
    "pk": 35,
    "fields": {
        "title": "Золотой теленок",
        "author": "Илья Илф и Евгений Петров",
        "genre": "Сатира",
        "reader": null
    }
},
{
    "model": "books.book",
    "pk": 36,
    "fields": {
        "title": "Двенадцать стульев",
        "author": "Илья Илф и Евгений Петров",
        "genre": "Сатира",
        "reader": null
    }
},
{
    "model": "books.book",
    "pk": 37,
    "fields": {
        "title": "Повесть о неизвестном актере",
        "author": "Виктор Пелевин",
        "genre": "Фантастика",
        "reader": null
    }
},
{
    "model": "books.book",
    "pk": 38,
    "fields": {
        "title": "Чапаев и его комиссар",
        "author": "Давид Бурлюк",
        "genre": "Исторический роман",
        "reader": null
    }
},
{
    "model": "books.book",
    "pk": 39,
    "fields": {
        "title": "Путешествие в Аргентину",
        "author": "Валентин Катаев",
        "genre": "Романтический роман",
        "reader": null
    }
},
{
    "model": "books.book",
    "pk": 40,
    "fields": {
        "title": "Семья Чижиковых",
        "author": "Михаил Салтыков-Щедрин",
        "genre": "Сатира",
        "reader": null
    }
},
{
    "model": "books.book",
    "pk": 41,
    "fields": {
        "title": "Повесть о неизвестном городе",
        "author": "Виктор Пелевин",
        "genre": "Фантастика",
        "reader": null
    }
},
{
    "model": "books.book",
    "pk": 42,
    "fields": {
        "title": "Москва-Цитадель",
        "author": "Алексей Толстой",
        "genre": "Исторический роман",
        "reader": null
    }
},
{
    "model": "books.book",
    "pk": 43,
    "fields": {
        "title": "Повесть о неизвестном писателе",
        "author": "Виктор Пелевин",
        "genre": "Фантастика",
        "reader": null
    }
},
{
    "model": "books.book",
    "pk": 44,
    "fields": {
        "title": "Семья Тихоновых",
        "author": "Михаил Салтыков-Щедрин",
        "genre": "Сатира",
        "reader": null
    }
}
]
